{
    "name": "root",
    "gauges": {
        "KartAgent.Policy.Entropy.mean": {
            "value": 0.6363899111747742,
            "min": 0.6363899111747742,
            "max": 1.4208288192749023,
            "count": 462
        },
        "KartAgent.Policy.ExtrinsicValueEstimate.mean": {
            "value": -0.1777261644601822,
            "min": -0.21708467602729797,
            "max": 0.2815665304660797,
            "count": 462
        },
        "KartAgent.Policy.CuriosityValueEstimate.mean": {
            "value": 0.00554590905085206,
            "min": -0.11171270906925201,
            "max": 0.047794658690690994,
            "count": 462
        },
        "KartAgent.Losses.PolicyLoss.mean": {
            "value": 0.13484371117730107,
            "min": 0.06260351226336136,
            "max": 0.14642574759872837,
            "count": 462
        },
        "KartAgent.Losses.ValueLoss.mean": {
            "value": 0.003909755576880545,
            "min": 3.9681693113596465e-06,
            "max": 0.011756930932153612,
            "count": 462
        },
        "KartAgent.Policy.LearningRate.mean": {
            "value": 0.00030000000000000003,
            "min": 0.0002999999999999999,
            "max": 0.00030000000000000003,
            "count": 462
        },
        "KartAgent.Policy.Epsilon.mean": {
            "value": 0.2,
            "min": 0.2,
            "max": 0.20000000000000004,
            "count": 462
        },
        "KartAgent.Policy.Beta.mean": {
            "value": 0.005,
            "min": 0.004999999999999998,
            "max": 0.005,
            "count": 462
        },
        "KartAgent.Losses.CuriosityForwardLoss.mean": {
            "value": 0.0038972061234785037,
            "min": 8.177946118141538e-05,
            "max": 0.23475830309980666,
            "count": 462
        },
        "KartAgent.Losses.CuriosityInverseLoss.mean": {
            "value": 0.010871502147573564,
            "min": 0.008734349979915552,
            "max": 117.5930608306699,
            "count": 462
        },
        "KartAgent.IsTraining.mean": {
            "value": 1.0,
            "min": 1.0,
            "max": 1.0,
            "count": 462
        },
        "KartAgent.Environment.EpisodeLength.mean": {
            "value": 64.79674796747967,
            "min": 47.0,
            "max": 4999.0,
            "count": 456
        },
        "KartAgent.Environment.CumulativeReward.mean": {
            "value": 0.22565567529783015,
            "min": -3.854013772060474,
            "max": 15.137919247150421,
            "count": 457
        },
        "KartAgent.Policy.ExtrinsicReward.mean": {
            "value": 0.22565567529783015,
            "min": -3.854013772060474,
            "max": 15.137919247150421,
            "count": 457
        },
        "KartAgent.Policy.CuriosityReward.mean": {
            "value": 0.003932678690714936,
            "min": 0.0023298996967078267,
            "max": 0.912400199221338,
            "count": 457
        }
    },
    "metadata": {
        "timer_format_version": "0.1.0",
        "start_time_seconds": "1610074285",
        "python_version": "3.8.6 (tags/v3.8.6:db45529, Sep 23 2020, 15:52:53) [MSC v.1927 64 bit (AMD64)]",
        "command_line_arguments": "C:\\Users\\VandeRyckMarnixstude\\AppData\\Local\\Programs\\Python\\Python38\\Scripts\\mlagents-learn KartAIcing.yml --run-id=mx3",
        "mlagents_version": "0.22.0",
        "mlagents_envs_version": "0.22.0",
        "communication_protocol_version": "1.2.0",
        "pytorch_version": "1.7.0",
        "numpy_version": "1.18.5",
        "end_time_seconds": "1610100371"
    },
    "total": 26086.2741957,
    "count": 1,
    "self": 0.007418900000629947,
    "children": {
        "run_training.setup": {
            "total": 0.013697499999999696,
            "count": 1,
            "self": 0.013697499999999696
        },
        "TrainerController.start_learning": {
            "total": 26086.2530793,
            "count": 1,
            "self": 45.43195900267165,
            "children": {
                "TrainerController._reset_env": {
                    "total": 32.3707468,
                    "count": 1,
                    "self": 32.3707468
                },
                "TrainerController.advance": {
                    "total": 26008.36122389733,
                    "count": 1541401,
                    "self": 21.373158895112283,
                    "children": {
                        "env_step": {
                            "total": 25986.988065002217,
                            "count": 1541401,
                            "self": 21194.263469903155,
                            "children": {
                                "SubprocessEnvManager._take_step": {
                                    "total": 4769.37514329954,
                                    "count": 1541401,
                                    "self": 116.71922169900608,
                                    "children": {
                                        "TorchPolicy.evaluate": {
                                            "total": 4652.6559216005335,
                                            "count": 1541401,
                                            "self": 1459.5868466007732,
                                            "children": {
                                                "TorchPolicy.sample_actions": {
                                                    "total": 3193.0690749997602,
                                                    "count": 1541401,
                                                    "self": 3193.0690749997602
                                                }
                                            }
                                        }
                                    }
                                },
                                "workers": {
                                    "total": 23.3494517995233,
                                    "count": 1541400,
                                    "self": 0.0,
                                    "children": {
                                        "worker_root": {
                                            "total": 25996.51549810019,
                                            "count": 1541400,
                                            "is_parallel": true,
                                            "self": 14163.537191001893,
                                            "children": {
                                                "steps_from_proto": {
                                                    "total": 0.00039780000000178006,
                                                    "count": 1,
                                                    "is_parallel": true,
                                                    "self": 7.889999999832753e-05,
                                                    "children": {
                                                        "_process_vector_observation": {
                                                            "total": 0.00031890000000345253,
                                                            "count": 2,
                                                            "is_parallel": true,
                                                            "self": 0.00031890000000345253
                                                        }
                                                    }
                                                },
                                                "UnityEnvironment.step": {
                                                    "total": 11832.977909298297,
                                                    "count": 1541400,
                                                    "is_parallel": true,
                                                    "self": 124.1113015958872,