{
    "name": "root",
    "gauges": {
        "KartAgent.Policy.Entropy.mean": {
            "value": 1.4147239923477173,
            "min": 1.4147239923477173,
            "max": 1.4190729856491089,
            "count": 2
        },
        "KartAgent.Policy.ExtrinsicValueEstimate.mean": {
            "value": -0.10500318557024002,
            "min": -0.11866714060306549,
            "max": -0.10500318557024002,
            "count": 2
        },
        "KartAgent.Policy.CuriosityValueEstimate.mean": {
            "value": 0.1527710109949112,
            "min": 0.1527710109949112,
            "max": 0.17979301512241364,
            "count": 2
        },
        "KartAgent.Losses.PolicyLoss.mean": {
            "value": 0.1297753285109583,
            "min": 0.1285619646445603,
            "max": 0.1297753285109583,
            "count": 2
        },
        "KartAgent.Losses.ValueLoss.mean": {
            "value": 0.0014857042311309165,
            "min": 0.0014857042311309165,
            "max": 0.0018517856898070978,
            "count": 2
        },
        "KartAgent.Policy.LearningRate.mean": {
            "value": 0.00030000000000000003,
            "min": 0.0003,
            "max": 0.00030000000000000003,
            "count": 2
        },
        "KartAgent.Policy.Epsilon.mean": {
            "value": 0.2,
            "min": 0.2,
            "max": 0.20000000000000004,
            "count": 2
        },
        "KartAgent.Policy.Beta.mean": {
            "value": 0.005,
            "min": 0.004999999999999999,
            "max": 0.005,
            "count": 2
        },
        "KartAgent.Losses.CuriosityForwardLoss.mean": {
            "value": 0.004982354094002706,
            "min": 0.004982354094002706,
            "max": 0.024756406591653724,
            "count": 2
        },
        "KartAgent.Losses.CuriosityInverseLoss.mean": {
            "value": 0.21531903147697448,
            "min": 0.21531903147697448,
            "max": 0.22498652396985053,
            "count": 2
        },
        "KartAgent.IsTraining.mean": {
            "value": 1.0,
            "min": 1.0,
            "max": 1.0,
            "count": 2
        },
        "KartAgent.Environment.EpisodeLength.mean": {
            "value": 3577.4,
            "min": 3577.4,
            "max": 3577.4,
            "count": 1
        },
        "KartAgent.Environment.CumulativeReward.mean": {
            "value": -3.151816704683006,
            "min": -3.151816704683006,
            "max": -3.151816704683006,
            "count": 1
        },
        "KartAgent.Policy.ExtrinsicReward.mean": {
            "value": -3.151816704683006,
            "min": -3.151816704683006,
            "max": -3.151816704683006,
            "count": 1
        },
        "KartAgent.Policy.CuriosityReward.mean": {
            "value": 0.8123975219175918,
            "min": 0.8123975219175918,
            "max": 0.8123975219175918,
            "count": 1
        }
    },
    "metadata": {
        "timer_format_version": "0.1.0",
        "start_time_seconds": "1610073330",
        "python_version": "3.8.6 (tags/v3.8.6:db45529, Sep 23 2020, 15:52:53) [MSC v.1927 64 bit (AMD64)]",
        "command_line_arguments": "C:\\Users\\VandeRyckMarnixstude\\AppData\\Local\\Programs\\Python\\Python38\\Scripts\\mlagents-learn KartAIcing.yml --run-id=mx1",
        "mlagents_version": "0.22.0",
        "mlagents_envs_version": "0.22.0",
        "communication_protocol_version": "1.2.0",
        "pytorch_version": "1.7.0",
        "numpy_version": "1.18.5",
        "end_time_seconds": "1610073446"
    },
    "total": 116.81969,
    "count": 1,
    "self": 0.2509692000000001,
    "children": {
        "run_training.setup": {
            "total": 0.014656599999999909,
            "count": 1,
            "self": 0.014656599999999909
        },
        "TrainerController.start_learning": {
            "total": 116.5540642,
            "count": 1,
            "self": 0.15799289999975485,
            "children": {
                "TrainerController._reset_env": {
                    "total": 14.7750878,
                    "count": 1,
                    "self": 14.7750878
                },
                "TrainerController.advance": {
                    "total": 101.49206090000025,
                    "count": 5234,
                    "self": 0.06774550000034196,
                    "children": {
                        "env_step": {
                            "total": 101.42431539999991,
                            "count": 5234,
                            "self": 85.49934560000003,
                            "children": {
                                "SubprocessEnvManager._take_step": {
                                    "total": 15.851729199999902,
                                    "count": 5234,
                                    "self": 0.3848179000003462,
                                    "children": {
                                        "TorchPolicy.evaluate": {
                                            "total": 15.466911299999555,
                                            "count": 5234,
                                            "self": 4.784737500000482,
                                            "children": {
                                                "TorchPolicy.sample_actions": {
                                                    "total": 10.682173799999074,
                                                    "count": 5234,
                                                    "self": 10.682173799999074
                                                }
                                            }
                                        }
                                    }
                                },
                                "workers": {
                                    "total": 0.07324059999998056,
                                    "count": 5233,
                                    "self": 0.0,
                                    "children": {
                                        "worker_root": {
                                            "total": 103.07060869999974,
                                            "count": 5233,
                                            "is_parallel": true,
                                            "self": 59.10832819999941,
                                            "children": {
                                                "steps_from_proto": {
                                                    "total": 0.0004071999999997189,
                                                    "count": 1,
                                                    "is_parallel": true,
                                                    "self": 8.76000000005206e-05,
                                                    "children": {
                                                        "_process_vector_observation": {
                                                            "total": 0.0003195999999991983,
                                                            "count": 2,
                                                            "is_parallel": true,
                                                            "self": 0.0003195999999991983
                                                        }
                                                    }
                                                },
                                                "UnityEnvironment.step": {
                                                    "total": 43.96187330000033,
                                                    "count": 5233,
                                                    "is_parallel": true,
                                                    "self": 0.4048559999996897,