{
    "name": "root",
    "gauges": {
        "KartAgent.Policy.Entropy.mean": {
            "value": 1.4723411798477173,
            "min": 1.4479981660842896,
            "max": 1.4723411798477173,
            "count": 18
        },
        "KartAgent.Policy.ExtrinsicValueEstimate.mean": {
            "value": 0.2778891324996948,
            "min": 0.2147582322359085,
            "max": 0.27934518456459045,
            "count": 18
        },
        "KartAgent.Policy.CuriosityValueEstimate.mean": {
            "value": 0.012513015419244766,
            "min": 0.01138957031071186,
            "max": 0.031606484204530716,
            "count": 18
        },
        "KartAgent.Environment.EpisodeLength.mean": {
            "value": 6035.25,
            "min": 409.0,
            "max": 9189.0,
            "count": 6
        },
        "KartAgent.Environment.CumulativeReward.mean": {
            "value": 15.262572377279866,
            "min": 0.3641713506076485,
            "max": 24.950376394204795,
            "count": 7
        },
        "KartAgent.Policy.ExtrinsicReward.mean": {
            "value": 15.262572377279866,
            "min": 0.3641713506076485,
            "max": 24.950376394204795,
            "count": 7
        },
        "KartAgent.Policy.CuriosityReward.mean": {
            "value": 1.079103239433607,
            "min": 0.0,
            "max": 1.7804349611978978,
            "count": 7
        },
        "KartAgent.IsTraining.mean": {
            "value": 1.0,
            "min": 1.0,
            "max": 1.0,
            "count": 18
        },
        "KartAgent.Losses.PolicyLoss.mean": {
            "value": 0.1374501167204453,
            "min": 0.1059451607803186,
            "max": 0.1428708611075982,
            "count": 17
        },
        "KartAgent.Losses.ValueLoss.mean": {
            "value": 5.780898217477407e-05,
            "min": 1.1769056376223736e-05,
            "max": 0.0007377808314607198,
            "count": 17
        },
        "KartAgent.Policy.LearningRate.mean": {
            "value": 0.0003,
            "min": 0.0002999999999999999,
            "max": 0.00030000000000000003,
            "count": 17
        },
        "KartAgent.Policy.Epsilon.mean": {
            "value": 0.2,
            "min": 0.2,
            "max": 0.20000000000000004,
            "count": 17
        },
        "KartAgent.Policy.Beta.mean": {
            "value": 0.004999999999999999,
            "min": 0.004999999999999998,
            "max": 0.005,
            "count": 17
        },
        "KartAgent.Losses.CuriosityForwardLoss.mean": {
            "value": 0.006943756291847347,
            "min": 0.0026696848255232906,
            "max": 0.01833902415724953,
            "count": 17
        },
        "KartAgent.Losses.CuriosityInverseLoss.mean": {
            "value": 0.04592336508883348,
            "min": 0.03331184446519738,
            "max": 0.07369198900213524,
            "count": 17
        }
    },
    "metadata": {
        "timer_format_version": "0.1.0",
        "start_time_seconds": "1610274031",
        "python_version": "3.8.6 (tags/v3.8.6:db45529, Sep 23 2020, 15:52:53) [MSC v.1927 64 bit (AMD64)]",
        "command_line_arguments": "C:\\Users\\VandeRyckMarnixstude\\AppData\\Local\\Programs\\Python\\Python38\\Scripts\\mlagents-learn KartAIcing.yml --resume --run-id=mx11",
        "mlagents_version": "0.22.0",
        "mlagents_envs_version": "0.22.0",
        "communication_protocol_version": "1.2.0",
        "pytorch_version": "1.7.0",
        "numpy_version": "1.18.5",
        "end_time_seconds": "1610274729"
    },
    "total": 698.5097988,
    "count": 1,
    "self": 0.26900269999998727,
    "children": {
        "run_training.setup": {
            "total": 0.014934299999999734,
            "count": 1,
            "self": 0.014934299999999734
        },
        "TrainerController.start_learning": {
            "total": 698.2258618,
            "count": 1,
            "self": 0.37388420000081624,
            "children": {
                "TrainerController._reset_env": {
                    "total": 11.291492400000001,
                    "count": 1,
                    "self": 11.291492400000001
                },
                "TrainerController.advance": {
                    "total": 686.4585384999991,
                    "count": 12451,
                    "self": 0.1802765000021509,
                    "children": {
                        "env_step": {
                            "total": 686.278261999997,
                            "count": 12451,
                            "self": 642.8983001000008,
                            "children": {
                                "SubprocessEnvManager._take_step": {
                                    "total": 43.19216819999722,
                                    "count": 12451,
                                    "self": 1.0597700999981967,
                                    "children": {
                                        "TorchPolicy.evaluate": {
                                            "total": 42.13239809999902,
                                            "count": 12451,
                                            "self": 12.451822299997858,
                                            "children": {
                                                "TorchPolicy.sample_actions": {
                                                    "total": 29.680575800001165,
                                                    "count": 12451,
                                                    "self": 29.680575800001165
                                                }
                                            }
                                        }
                                    }
                                },
                                "workers": {
                                    "total": 0.18779369999888296,
                                    "count": 12450,
                                    "self": 0.0,
                                    "children": {
                                        "worker_root": {
                                            "total": 688.0572215000029,
                                            "count": 12450,
                                            "is_parallel": true,
                                            "self": 415.44722000000513,
                                            "children": {
                                                "steps_from_proto": {
                                                    "total": 0.0009311000000007397,
                                                    "count": 1,
                                                    "is_parallel": true,
                                                    "self": 0.00011519999999975994,
                                                    "children": {
                                                        "_process_vector_observation": {
                                                            "total": 0.0008159000000009797,
                                                            "count": 2,
                                                            "is_parallel": true,
                                                            "self": 0.0008159000000009797
                                                        }
                                                    }
                                                },
                                                "UnityEnvironment.step": {
                                                    "total": 272.6090703999978,
                                                    "count": 12450,
                                                    "is_parallel": true,
                                                    "self": 1.299053599991339,