{
    "name": "root",
    "gauges": {
        "KartAgent.Policy.Entropy.mean": {
            "value": 1.3965855836868286,
            "min": 1.3965855836868286,
            "max": 1.4172533750534058,
            "count": 10
        },
        "KartAgent.Policy.ExtrinsicValueEstimate.mean": {
            "value": 0.06426499783992767,
            "min": -0.09389878809452057,
            "max": 0.07521165162324905,
            "count": 10
        },
        "KartAgent.Losses.PolicyLoss.mean": {
            "value": 0.023404201210166016,
            "min": 0.020204797696011762,
            "max": 0.024945904398337007,
            "count": 10
        },
        "KartAgent.Losses.ValueLoss.mean": {
            "value": 0.004227569388846556,
            "min": 0.000970181424539381,
            "max": 0.004714091629721225,
            "count": 10
        },
        "KartAgent.Policy.LearningRate.mean": {
            "value": 1.6057294647599995e-05,
            "min": 1.6057294647599995e-05,
            "max": 0.0002842917052361,
            "count": 10
        },
        "KartAgent.Policy.Epsilon.mean": {
            "value": 0.10535239999999998,
            "min": 0.10535239999999998,
            "max": 0.19476390000000002,
            "count": 10
        },
        "KartAgent.Policy.Beta.mean": {
            "value": 0.00027708476,
            "min": 0.00027708476,
            "max": 0.0047387186100000004,
            "count": 10
        },
        "KartAgent.Environment.EpisodeLength.mean": {
            "value": 392.921875,
            "min": 363.05,
            "max": 1219.5675675675675,
            "count": 10
        },
        "KartAgent.Environment.CumulativeReward.mean": {
            "value": 0.5782499460619874,
            "min": -1.3843033761226546,
            "max": 0.5782499460619874,
            "count": 10
        },
        "KartAgent.Policy.ExtrinsicReward.mean": {
            "value": 0.5782499460619874,
            "min": -1.3843033761226546,
            "max": 0.5782499460619874,
            "count": 10
        },
        "KartAgent.IsTraining.mean": {
            "value": 1.0,
            "min": 1.0,
            "max": 1.0,
            "count": 10
        }
    },
    "metadata": {
        "timer_format_version": "0.1.0",
        "start_time_seconds": "1610195130",
        "python_version": "3.8.6 (tags/v3.8.6:db45529, Sep 23 2020, 15:52:53) [MSC v.1927 64 bit (AMD64)]",
        "command_line_arguments": "C:\\Users\\VandeRyckMarnixstude\\AppData\\Local\\Programs\\Python\\Python38\\Scripts\\mlagents-learn --run-id=mx10",
        "mlagents_version": "0.22.0",
        "mlagents_envs_version": "0.22.0",
        "communication_protocol_version": "1.2.0",
        "pytorch_version": "1.7.0",
        "numpy_version": "1.18.5",
        "end_time_seconds": "1610196035"
    },
    "total": 904.5971152999999,
    "count": 1,
    "self": 0.34668519999991076,
    "children": {
        "run_training.setup": {
            "total": 0.018696500000000338,
            "count": 1,
            "self": 0.018696500000000338
        },
        "TrainerController.start_learning": {
            "total": 904.2317336,
            "count": 1,
            "self": 0.9389244999940729,
            "children": {
                "TrainerController._reset_env": {
                    "total": 26.2973231,
                    "count": 1,
                    "self": 26.2973231
                },
                "TrainerController.advance": {
                    "total": 876.9456850000059,
                    "count": 33361,
                    "self": 0.44886730000371244,
                    "children": {
                        "env_step": {
                            "total": 876.4968177000022,
                            "count": 33361,
                            "self": 749.2170107999996,
                            "children": {
                                "SubprocessEnvManager._take_step": {
                                    "total": 126.78950459999845,
                                    "count": 33361,
                                    "self": 2.7408389999974077,
                                    "children": {
                                        "TorchPolicy.evaluate": {
                                            "total": 124.04866560000104,
                                            "count": 33361,
                                            "self": 37.9981075000119,
                                            "children": {
                                                "TorchPolicy.sample_actions": {
                                                    "total": 86.05055809998915,
                                                    "count": 33361,
                                                    "self": 86.05055809998915
                                                }
                                            }
                                        }
                                    }
                                },
                                "workers": {
                                    "total": 0.49030230000414576,
                                    "count": 33361,
                                    "self": 0.0,
                                    "children": {
                                        "worker_root": {
                                            "total": 878.2165355999858,
                                            "count": 33361,
                                            "is_parallel": true,
                                            "self": 186.93820439998933,
                                            "children": {
                                                "steps_from_proto": {
                                                    "total": 0.0012329999999991514,
                                                    "count": 1,
                                                    "is_parallel": true,
                                                    "self": 0.00010849999999962279,
                                                    "children": {
                                                        "_process_vector_observation": {
                                                            "total": 0.0011244999999995287,
                                                            "count": 2,
                                                            "is_parallel": true,
                                                            "self": 0.0011244999999995287
                                                        }
                                                    }
                                                },
                                                "UnityEnvironment.step": {
                                                    "total": 691.2770981999965,
                                                    "count": 33361,
                                                    "is_parallel": true,
                                                    "self": 3.3825300999891397,
                                                    "children": {
                                                        "UnityEnvironment._generate_step_input": {
                                                            "total": 18.738555300006755,
                                                            "count": 33361,
                                                            "is_parallel": true,
                                                            "self": 18.738555300006755
                                                        },
                                                        "communicator.exchange": {
                                                            "total": 645.5165675000042,
                                                            "count": 33361,
                                                            "is_parallel": true,