{
    "name": "root",
    "gauges": {
        "KartAgent.Policy.Entropy.mean": {
            "value": 1.4079676866531372,
            "min": 1.4079676866531372,
            "max": 1.4203096628189087,
            "count": 10
        },
        "KartAgent.Policy.ExtrinsicValueEstimate.mean": {
            "value": -0.017263304442167282,
            "min": -0.14043815433979034,
            "max": -0.004163078498095274,
            "count": 10
        },
        "KartAgent.Environment.EpisodeLength.mean": {
            "value": 135.7377049180328,
            "min": 134.39837398373984,
            "max": 336.687074829932,
            "count": 10
        },
        "KartAgent.Environment.CumulativeReward.mean": {
            "value": 0.12004278807289269,
            "min": -0.5185745338098381,
            "max": 0.12004278807289269,
            "count": 10
        },
        "KartAgent.Policy.ExtrinsicReward.mean": {
            "value": 0.12004278807289269,
            "min": -0.5185745338098381,
            "max": 0.12004278807289269,
            "count": 10
        },
        "KartAgent.Losses.PolicyLoss.mean": {
            "value": 0.02411040948703885,
            "min": 0.021246889322840922,
            "max": 0.028047722474051018,
            "count": 10
        },
        "KartAgent.Losses.ValueLoss.mean": {
            "value": 0.018899597389002643,
            "min": 0.006202967008478784,
            "max": 0.020756166148930787,
            "count": 10
        },
        "KartAgent.Policy.LearningRate.mean": {
            "value": 1.6389454536879996e-05,
            "min": 1.6389454536879996e-05,
            "max": 0.0002845803051399,
            "count": 10
        },
        "KartAgent.Policy.Epsilon.mean": {
            "value": 0.10546312000000002,
            "min": 0.10546312000000002,
            "max": 0.1948601,
            "count": 10
        },
        "KartAgent.Policy.Beta.mean": {
            "value": 0.00028260968800000003,
            "min": 0.00028260968800000003,
            "max": 0.00474351899,
            "count": 10
        },
        "KartAgent.IsTraining.mean": {
            "value": 1.0,
            "min": 1.0,
            "max": 1.0,
            "count": 10
        }
    },
    "metadata": {
        "timer_format_version": "0.1.0",
        "start_time_seconds": "1610151927",
        "python_version": "3.8.6 (tags/v3.8.6:db45529, Sep 23 2020, 15:52:53) [MSC v.1927 64 bit (AMD64)]",
        "command_line_arguments": "C:\\Users\\VandeRyckMarnixstude\\AppData\\Local\\Programs\\Python\\Python38\\Scripts\\mlagents-learn --run-id=mx9",
        "mlagents_version": "0.22.0",
        "mlagents_envs_version": "0.22.0",
        "communication_protocol_version": "1.2.0",
        "pytorch_version": "1.7.0",
        "numpy_version": "1.18.5",
        "end_time_seconds": "1610153963"
    },
    "total": 2036.3123783,
    "count": 1,
    "self": 0.3732609000003322,
    "children": {
        "run_training.setup": {
            "total": 0.014413600000000137,
            "count": 1,
            "self": 0.014413600000000137
        },
        "TrainerController.start_learning": {
            "total": 2035.9247037999999,
            "count": 1,
            "self": 4.64406389995338,
            "children": {
                "TrainerController._reset_env": {
                    "total": 11.5905726,
                    "count": 1,
                    "self": 11.5905726
                },
                "TrainerController.advance": {
                    "total": 2019.633335800046,
                    "count": 166710,
                    "self": 2.1874541000847785,
                    "children": {
                        "env_step": {
                            "total": 2017.4458816999613,
                            "count": 166710,
                            "self": 1528.8363863999475,
                            "children": {
                                "SubprocessEnvManager._take_step": {
                                    "total": 486.2085244999975,
                                    "count": 166710,
                                    "self": 12.273684200008404,
                                    "children": {
                                        "TorchPolicy.evaluate": {
                                            "total": 473.9348402999891,
                                            "count": 166710,
                                            "self": 159.31403099999864,
                                            "children": {
                                                "TorchPolicy.sample_actions": {
                                                    "total": 314.62080929999047,
                                                    "count": 166710,
                                                    "self": 314.62080929999047
                                                }
                                            }
                                        }
                                    }
                                },
                                "workers": {
                                    "total": 2.400970800016168,
                                    "count": 166710,
                                    "self": 0.0,
                                    "children": {
                                        "worker_root": {
                                            "total": 2019.5763744999895,
                                            "count": 166710,
                                            "is_parallel": true,
                                            "self": 684.5368824000393,
                                            "children": {
                                                "steps_from_proto": {
                                                    "total": 0.0003971000000007052,
                                                    "count": 1,
                                                    "is_parallel": true,
                                                    "self": 0.0001304000000015293,
                                                    "children": {
                                                        "_process_vector_observation": {
                                                            "total": 0.00026669999999917593,
                                                            "count": 2,
                                                            "is_parallel": true,
                                                            "self": 0.00026669999999917593
                                                        }
                                                    }
                                                },
                                                "UnityEnvironment.step": {
                                                    "total": 1335.03909499995,
                                                    "count": 166710,
                                                    "is_parallel": true,
                                                    "self": 13.008806499940874,
                                                    "children": {
                                                        "UnityEnvironment._generate_step_input": {
                                                            "total": 36.34807840005896,
                                                            "count": 166710,
                                                            "is_parallel": true,
                                                            "self": 36.34807840005896
                                                        },
                                                        "communicator.exchange": {
                                                            "total": 1238.391272399961,
                                                            "count": 166710,
                                                            "is_parallel": true,