{
    "name": "root",
    "gauges": {
        "KartAgent.Policy.Entropy.mean": {
            "value": 1.4212110042572021,
            "min": 1.418479323387146,
            "max": 1.4212110042572021,
            "count": 3
        },
        "KartAgent.Policy.ExtrinsicValueEstimate.mean": {
            "value": -0.2955090403556824,
            "min": -0.2955090403556824,
            "max": -0.2354046106338501,
            "count": 3
        },
        "KartAgent.Policy.CuriosityValueEstimate.mean": {
            "value": 0.026047641411423683,
            "min": 0.01601364091038704,
            "max": 0.026047641411423683,
            "count": 3
        },
        "KartAgent.Losses.PolicyLoss.mean": {
            "value": 0.13468896645121275,
            "min": 0.13468896645121275,
            "max": 0.13930128248381798,
            "count": 3
        },
        "KartAgent.Losses.ValueLoss.mean": {
            "value": 0.00678619168372178,
            "min": 0.002541564355740041,
            "max": 0.00678619168372178,
            "count": 3
        },
        "KartAgent.Policy.LearningRate.mean": {
            "value": 0.00030000000000000003,
            "min": 0.0002999999999999999,
            "max": 0.00030000000000000003,
            "count": 3
        },
        "KartAgent.Policy.Epsilon.mean": {
            "value": 0.2,
            "min": 0.2,
            "max": 0.20000000000000004,
            "count": 3
        },
        "KartAgent.Policy.Beta.mean": {
            "value": 0.005,
            "min": 0.004999999999999999,
            "max": 0.005,
            "count": 3
        },
        "KartAgent.Losses.CuriosityForwardLoss.mean": {
            "value": 0.0024958824459786733,
            "min": 0.0018437562129011776,
            "max": 0.02232548599127576,
            "count": 3
        },
        "KartAgent.Losses.CuriosityInverseLoss.mean": {
            "value": 0.22185585483908654,
            "min": 0.221379176503492,
            "max": 0.22798004736633679,
            "count": 3
        },
        "KartAgent.IsTraining.mean": {
            "value": 1.0,
            "min": 1.0,
            "max": 1.0,
            "count": 3
        },
        "KartAgent.Environment.EpisodeLength.mean": {
            "value": 1069.3333333333333,
            "min": 1069.3333333333333,
            "max": 4938.0,
            "count": 2
        },
        "KartAgent.Environment.CumulativeReward.mean": {
            "value": 0.4226303658991431,
            "min": 0.4226303658991431,
            "max": 2.477520398773777,
            "count": 2
        },
        "KartAgent.Policy.ExtrinsicReward.mean": {
            "value": 0.4226303658991431,
            "min": 0.4226303658991431,
            "max": 2.477520398773777,
            "count": 2
        },
        "KartAgent.Policy.CuriosityReward.mean": {
            "value": 0.3225828565628035,
            "min": 0.3225828565628035,
            "max": 1.0321052721374144,
            "count": 2
        }
    },
    "metadata": {
        "timer_format_version": "0.1.0",
        "start_time_seconds": "1610071740",
        "python_version": "3.8.6 (tags/v3.8.6:db45529, Sep 23 2020, 15:52:53) [MSC v.1927 64 bit (AMD64)]",
        "command_line_arguments": "C:\\Users\\VandeRyckMarnixstude\\AppData\\Local\\Programs\\Python\\Python38\\Scripts\\mlagents-learn KartAIcing.yml --run-id A1",
        "mlagents_version": "0.22.0",
        "mlagents_envs_version": "0.22.0",
        "communication_protocol_version": "1.2.0",
        "pytorch_version": "1.7.0",
        "numpy_version": "1.18.5",
        "end_time_seconds": "1610071948"
    },
    "total": 207.9733955,
    "count": 1,
    "self": 0.1808691999999894,
    "children": {
        "run_training.setup": {
            "total": 0.0170214999999998,
            "count": 1,
            "self": 0.0170214999999998
        },
        "TrainerController.start_learning": {
            "total": 207.77550480000002,
            "count": 1,
            "self": 0.2772343999996849,
            "children": {
                "TrainerController._reset_env": {
                    "total": 13.247070699999998,
                    "count": 1,
                    "self": 13.247070699999998
                },
                "TrainerController.advance": {
                    "total": 194.05446110000037,
                    "count": 7667,
                    "self": 0.12881399999932341,
                    "children": {
                        "env_step": {
                            "total": 193.92564710000104,
                            "count": 7667,
                            "self": 165.00125030000254,
                            "children": {
                                "SubprocessEnvManager._take_step": {
                                    "total": 28.791630799999975,
                                    "count": 7667,
                                    "self": 0.7722803999996088,
                                    "children": {
                                        "TorchPolicy.evaluate": {
                                            "total": 28.019350400000366,
                                            "count": 7667,
                                            "self": 7.762759299999999,
                                            "children": {
                                                "TorchPolicy.sample_actions": {
                                                    "total": 20.256591100000367,
                                                    "count": 7667,
                                                    "self": 20.256591100000367
                                                }
                                            }
                                        }
                                    }
                                },
                                "workers": {
                                    "total": 0.13276599999854,
                                    "count": 7666,
                                    "self": 0.0,
                                    "children": {
                                        "worker_root": {
                                            "total": 197.2018488,
                                            "count": 7666,
                                            "is_parallel": true,
                                            "self": 106.34855479999982,
                                            "children": {
                                                "steps_from_proto": {
                                                    "total": 0.006742300000000867,
                                                    "count": 1,
                                                    "is_parallel": true,
                                                    "self": 0.00014810000000053947,
                                                    "children": {
                                                        "_process_vector_observation": {
                                                            "total": 0.006594200000000328,
                                                            "count": 2,
                                                            "is_parallel": true,
                                                            "self": 0.006594200000000328
                                                        }
                                                    }
                                                },
                                                "UnityEnvironment.step": {
                                                    "total": 90.84655170000018,
                                                    "count": 7666,
                                                    "is_parallel": true,
                                                    "self": 0.8690997999997592,