{
    "name": "root",
    "metadata": {
        "timer_format_version": "0.1.0",
        "start_time_seconds": "1610073294",
        "python_version": "3.8.6 (tags/v3.8.6:db45529, Sep 23 2020, 15:52:53) [MSC v.1927 64 bit (AMD64)]",
        "command_line_arguments": "C:\\Users\\VandeRyckMarnixstude\\AppData\\Local\\Programs\\Python\\Python38\\Scripts\\mlagents-learn KartAIcing.yml --run-id=test11",
        "mlagents_version": "0.22.0",
        "mlagents_envs_version": "0.22.0",
        "communication_protocol_version": "1.2.0",
        "pytorch_version": "1.7.0",
        "numpy_version": "1.18.5",
        "end_time_seconds": "1610073318"
    },
    "total": 24.116173,
    "count": 1,
    "self": 0.24152439999999942,
    "children": {
        "run_training.setup": {
            "total": 0.014975600000000089,
            "count": 1,
            "self": 0.014975600000000089
        },
        "TrainerController.start_learning": {
            "total": 23.859673,
            "count": 1,
            "self": 0.03424449999993939,
            "children": {
                "TrainerController._reset_env": {
                    "total": 8.8923201,
                    "count": 1,
                    "self": 8.8923201
                },
                "TrainerController.advance": {
                    "total": 14.814115000000061,
                    "count": 1151,
                    "self": 0.014119900000023833,
                    "children": {
                        "env_step": {
                            "total": 14.799995100000038,
                            "count": 1151,
                            "self": 11.514935100000065,
                            "children": {
                                "SubprocessEnvManager._take_step": {
                                    "total": 3.2702179000000218,
                                    "count": 1151,
                                    "self": 0.08155109999999155,
                                    "children": {
                                        "TorchPolicy.evaluate": {
                                            "total": 3.18866680000003,
                                            "count": 1151,
                                            "self": 1.0256631000000809,
                                            "children": {
                                                "TorchPolicy.sample_actions": {
                                                    "total": 2.1630036999999493,
                                                    "count": 1151,
                                                    "self": 2.1630036999999493
                                                }
                                            }
                                        }
                                    }
                                },
                                "workers": {
                                    "total": 0.01484209999995123,
                                    "count": 1150,
                                    "self": 0.0,
                                    "children": {
                                        "worker_root": {
                                            "total": 16.447737800000034,
                                            "count": 1150,
                                            "is_parallel": true,
                                            "self": 6.1986019999999105,
                                            "children": {
                                                "steps_from_proto": {
                                                    "total": 0.0004007000000001426,
                                                    "count": 1,
                                                    "is_parallel": true,
                                                    "self": 8.670000000066125e-05,
                                                    "children": {
                                                        "_process_vector_observation": {
                                                            "total": 0.00031399999999948136,
                                                            "count": 2,
                                                            "is_parallel": true,
                                                            "self": 0.00031399999999948136
                                                        }
                                                    }
                                                },
                                                "UnityEnvironment.step": {
                                                    "total": 10.248735100000124,
                                                    "count": 1150,
                                                    "is_parallel": true,
                                                    "self": 0.08649080000025755,
                                                    "children": {
                                                        "UnityEnvironment._generate_step_input": {
                                                            "total": 0.27171639999992614,
                                                            "count": 1150,
                                                            "is_parallel": true,
                                                            "self": 0.27171639999992614
                                                        },
                                                        "communicator.exchange": {
                                                            "total": 9.547081699999975,
                                                            "count": 1150,
                                                            "is_parallel": true,
                                                            "self": 9.547081699999975
                                                        },
                                                        "steps_from_proto": {
                                                            "total": 0.3434461999999652,
                                                            "count": 1150,
                                                            "is_parallel": true,
                                                            "self": 0.08992450000002528,
                                                            "children": {
                                                                "_process_vector_observation": {
                                                                    "total": 0.2535216999999399,
                                                                    "count": 2300,
                                                                    "is_parallel": true,
                                                                    "self": 0.2535216999999399
                                                                }
                                                            }
                                                        }
                                                    }
                                                }
                                            }
                                        }
                                    }
                                }
                            }
                        }
                    }
                },
                "trainer_threads": {
                    "total": 2.4400000000923683e-05,
                    "count": 1,
                    "self": 2.4400000000923683e-05,
                    "children": {
                        "thread_root": {
                            "total": 0.0,
                            "count": 0,
                            "is_parallel": true,
                            "self": 0.0,
                            "children": {
                                "trainer_advance": {
                                    "total": 14.827468199999986,