{
    "name": "root",
    "gauges": {
        "KartAgent.Policy.Entropy.mean": {
            "value": 1.4217133522033691,
            "min": 1.4188809394836426,
            "max": 1.4228826761245728,
            "count": 3
        },
        "KartAgent.Policy.ExtrinsicValueEstimate.mean": {
            "value": -0.11090606451034546,
            "min": -0.13083860278129578,
            "max": -0.11090606451034546,
            "count": 3
        },
        "KartAgent.Policy.CuriosityValueEstimate.mean": {
            "value": -0.11240985244512558,
            "min": -0.1448480188846588,
            "max": -0.11240985244512558,
            "count": 3
        },
        "KartAgent.Losses.PolicyLoss.mean": {
            "value": 0.142895186627294,
            "min": 0.1280429164747291,
            "max": 0.142895186627294,
            "count": 3
        },
        "KartAgent.Losses.ValueLoss.mean": {
            "value": 0.008522815866099829,
            "min": 0.0017646697164301465,
            "max": 0.008522815866099829,
            "count": 3
        },
        "KartAgent.Policy.LearningRate.mean": {
            "value": 0.00030000000000000003,
            "min": 0.0003,
            "max": 0.00030000000000000003,
            "count": 3
        },
        "KartAgent.Policy.Epsilon.mean": {
            "value": 0.20000000000000004,
            "min": 0.2,
            "max": 0.20000000000000004,
            "count": 3
        },
        "KartAgent.Policy.Beta.mean": {
            "value": 0.004999999999999998,
            "min": 0.004999999999999998,
            "max": 0.005,
            "count": 3
        },
        "KartAgent.Losses.CuriosityForwardLoss.mean": {
            "value": 0.0005502399698900629,
            "min": 0.0005502399698900629,
            "max": 0.017204246783908354,
            "count": 3
        },
        "KartAgent.Losses.CuriosityInverseLoss.mean": {
            "value": 0.22115572588982377,
            "min": 0.22115572588982377,
            "max": 0.22685114186671046,
            "count": 3
        },
        "KartAgent.IsTraining.mean": {
            "value": 1.0,
            "min": 1.0,
            "max": 1.0,
            "count": 3
        },
        "KartAgent.Environment.EpisodeLength.mean": {
            "value": 1166.857142857143,
            "min": 1166.857142857143,
            "max": 3987.6,
            "count": 2
        },
        "KartAgent.Environment.CumulativeReward.mean": {
            "value": 1.5012480782877122,
            "min": -2.4748376714996994,
            "max": 1.5012480782877122,
            "count": 2
        },
        "KartAgent.Policy.ExtrinsicReward.mean": {
            "value": 1.5012480782877122,
            "min": -2.4748376714996994,
            "max": 1.5012480782877122,
            "count": 2
        },
        "KartAgent.Policy.CuriosityReward.mean": {
            "value": 0.07585558830552534,
            "min": 0.07585558830552534,
            "max": 0.12925429778624675,
            "count": 2
        }
    },
    "metadata": {
        "timer_format_version": "0.1.0",
        "start_time_seconds": "1610103166",
        "python_version": "3.8.6 (tags/v3.8.6:db45529, Sep 23 2020, 15:52:53) [MSC v.1927 64 bit (AMD64)]",
        "command_line_arguments": "C:\\Users\\VandeRyckMarnixstude\\AppData\\Local\\Programs\\Python\\Python38\\Scripts\\mlagents-learn KartAIcing.yml --run-id=mx4",
        "mlagents_version": "0.22.0",
        "mlagents_envs_version": "0.22.0",
        "communication_protocol_version": "1.2.0",
        "pytorch_version": "1.7.0",
        "numpy_version": "1.18.5",
        "end_time_seconds": "1610103362"
    },
    "total": 195.8870951,
    "count": 1,
    "self": 0.007197300000001405,
    "children": {
        "run_training.setup": {
            "total": 0.016229499999999675,
            "count": 1,
            "self": 0.016229499999999675
        },
        "TrainerController.start_learning": {
            "total": 195.8636683,
            "count": 1,
            "self": 1.288557199999616,
            "children": {
                "TrainerController._reset_env": {
                    "total": 15.0249098,
                    "count": 1,
                    "self": 15.0249098
                },
                "TrainerController.advance": {
                    "total": 179.4301006000004,
                    "count": 9851,
                    "self": 0.1287710999997671,
                    "children": {
                        "env_step": {
                            "total": 179.30132950000063,
                            "count": 9851,
                            "self": 149.6211706000011,
                            "children": {
                                "SubprocessEnvManager._take_step": {
                                    "total": 29.543244099999725,
                                    "count": 9851,
                                    "self": 0.7170065999992232,
                                    "children": {
                                        "TorchPolicy.evaluate": {
                                            "total": 28.826237500000502,
                                            "count": 9851,
                                            "self": 8.93024859999986,
                                            "children": {
                                                "TorchPolicy.sample_actions": {
                                                    "total": 19.895988900000642,
                                                    "count": 9851,
                                                    "self": 19.895988900000642
                                                }
                                            }
                                        }
                                    }
                                },
                                "workers": {
                                    "total": 0.13691479999981127,
                                    "count": 9850,
                                    "self": 0.0,
                                    "children": {
                                        "worker_root": {
                                            "total": 181.0419013000015,
                                            "count": 9850,
                                            "is_parallel": true,
                                            "self": 95.32573510000142,
                                            "children": {
                                                "steps_from_proto": {
                                                    "total": 0.00043149999999947397,
                                                    "count": 1,
                                                    "is_parallel": true,
                                                    "self": 8.440000000042858e-05,
                                                    "children": {
                                                        "_process_vector_observation": {
                                                            "total": 0.0003470999999990454,
                                                            "count": 2,
                                                            "is_parallel": true,
                                                            "self": 0.0003470999999990454
                                                        }
                                                    }
                                                },
                                                "UnityEnvironment.step": {
                                                    "total": 85.71573470000008,
                                                    "count": 9850,
                                                    "is_parallel": true,
                                                    "self": 0.7558468000009526,