{
    "name": "root",
    "metadata": {
        "timer_format_version": "0.1.0",
        "start_time_seconds": "1610019209",
        "python_version": "3.8.6 (tags/v3.8.6:db45529, Sep 23 2020, 15:52:53) [MSC v.1927 64 bit (AMD64)]",
        "command_line_arguments": "C:\\Users\\VandeRyckMarnixstude\\AppData\\Local\\Programs\\Python\\Python38\\Scripts\\mlagents-learn --run-id test6",
        "mlagents_version": "0.22.0",
        "mlagents_envs_version": "0.22.0",
        "communication_protocol_version": "1.2.0",
        "pytorch_version": "1.7.0",
        "numpy_version": "1.18.5",
        "end_time_seconds": "1610019254"
    },
    "total": 45.3831366,
    "count": 1,
    "self": 0.2563473000000016,
    "children": {
        "run_training.setup": {
            "total": 0.0160285,
            "count": 1,
            "self": 0.0160285
        },
        "TrainerController.start_learning": {
            "total": 45.1107608,
            "count": 1,
            "self": 0.019426200000040694,
            "children": {
                "TrainerController._reset_env": {
                    "total": 39.6350813,
                    "count": 1,
                    "self": 39.6350813
                },
                "TrainerController.advance": {
                    "total": 5.344455299999957,
                    "count": 284,
                    "self": 0.003735899999860237,
                    "children": {
                        "env_step": {
                            "total": 5.340719400000097,
                            "count": 284,
                            "self": 4.292136100000093,
                            "children": {
                                "SubprocessEnvManager._take_step": {
                                    "total": 1.0451175999999833,
                                    "count": 284,
                                    "self": 0.020084299999965083,
                                    "children": {
                                        "TorchPolicy.evaluate": {
                                            "total": 1.0250333000000182,
                                            "count": 284,
                                            "self": 0.2987973000000608,
                                            "children": {
                                                "TorchPolicy.sample_actions": {
                                                    "total": 0.7262359999999575,
                                                    "count": 284,
                                                    "self": 0.7262359999999575
                                                }
                                            }
                                        }
                                    }
                                },
                                "workers": {
                                    "total": 0.003465700000020888,
                                    "count": 283,
                                    "self": 0.0,
                                    "children": {
                                        "worker_root": {
                                            "total": 7.197683500000025,
                                            "count": 283,
                                            "is_parallel": true,
                                            "self": 3.2562453000000247,
                                            "children": {
                                                "steps_from_proto": {
                                                    "total": 0.0005817000000050143,
                                                    "count": 1,
                                                    "is_parallel": true,
                                                    "self": 0.0002078999999994835,
                                                    "children": {
                                                        "_process_vector_observation": {
                                                            "total": 0.0003738000000055308,
                                                            "count": 4,
                                                            "is_parallel": true,
                                                            "self": 0.0003738000000055308
                                                        }
                                                    }
                                                },
                                                "UnityEnvironment.step": {
                                                    "total": 3.9408564999999953,
                                                    "count": 283,
                                                    "is_parallel": true,
                                                    "self": 0.021622099999966338,
                                                    "children": {
                                                        "UnityEnvironment._generate_step_input": {
                                                            "total": 0.06479799999997482,
                                                            "count": 283,
                                                            "is_parallel": true,
                                                            "self": 0.06479799999997482
                                                        },
                                                        "communicator.exchange": {
                                                            "total": 3.7507424000000142,
                                                            "count": 283,
                                                            "is_parallel": true,
                                                            "self": 3.7507424000000142
                                                        },
                                                        "steps_from_proto": {
                                                            "total": 0.10369400000003992,
                                                            "count": 283,
                                                            "is_parallel": true,
                                                            "self": 0.023160400000101333,
                                                            "children": {
                                                                "_process_vector_observation": {
                                                                    "total": 0.08053359999993859,
                                                                    "count": 1132,
                                                                    "is_parallel": true,
                                                                    "self": 0.08053359999993859
                                                                }
                                                            }
                                                        }
                                                    }
                                                }
                                            }
                                        }
                                    }
                                }
                            }
                        }
                    }
                },
                "trainer_threads": {
                    "total": 1.5900000001067838e-05,
                    "count": 1,
                    "self": 1.5900000001067838e-05,
                    "children": {
                        "thread_root": {
                            "total": 0.0,
                            "count": 0,
                            "is_parallel": true,
                            "self": 0.0,
                            "children": {
                                "trainer_advance": {
                                    "total": 5.355204599999979,