{
    "name": "root",
    "gauges": {
        "KartAgent.Policy.Entropy.mean": {
            "value": 1.0240129232406616,
            "min": 1.0239330530166626,
            "max": 1.0258245468139648,
            "count": 5
        },
        "KartAgent.Policy.ExtrinsicValueEstimate.mean": {
            "value": 0.7741102576255798,
            "min": 0.7741102576255798,
            "max": 1.0123275518417358,
            "count": 5
        },
        "KartAgent.IsTraining.mean": {
            "value": 1.0,
            "min": 1.0,
            "max": 1.0,
            "count": 5
        },
        "KartAgent.Losses.PolicyLoss.mean": {
            "value": 0.022665427019819617,
            "min": 0.022665427019819617,
            "max": 0.02517508334169785,
            "count": 4
        },
        "KartAgent.Losses.ValueLoss.mean": {
            "value": 0.11740563084681828,
            "min": 0.11020775064826012,
            "max": 0.11771131500601768,
            "count": 4
        },
        "KartAgent.Policy.LearningRate.mean": {
            "value": 1.406601531136e-05,
            "min": 1.406601531136e-05,
            "max": 0.00010750854416384001,
            "count": 4
        },
        "KartAgent.Policy.Epsilon.mean": {
            "value": 0.10468864000000003,
            "min": 0.10468864000000003,
            "max": 0.13583616000000004,
            "count": 4
        },
        "KartAgent.Policy.Beta.mean": {
            "value": 0.00024396313600000014,
            "min": 0.00024396313600000014,
            "max": 0.0017982243840000006,
            "count": 4
        },
        "KartAgent.Environment.EpisodeLength.mean": {
            "value": 4999.0,
            "min": 4999.0,
            "max": 4999.0,
            "count": 4
        },
        "KartAgent.Environment.CumulativeReward.mean": {
            "value": 39.62486904501566,
            "min": 35.41660826130343,
            "max": 39.62486904501566,
            "count": 4
        },
        "KartAgent.Policy.ExtrinsicReward.mean": {
            "value": 39.62486904501566,
            "min": 35.41660826130343,
            "max": 39.62486904501566,
            "count": 4
        }
    },
    "metadata": {
        "timer_format_version": "0.1.0",
        "start_time_seconds": "1610017996",
        "python_version": "3.8.6 (tags/v3.8.6:db45529, Sep 23 2020, 15:52:53) [MSC v.1927 64 bit (AMD64)]",
        "command_line_arguments": "C:\\Users\\VandeRyckMarnixstude\\AppData\\Local\\Programs\\Python\\Python38\\Scripts\\mlagents-learn --resume --run-id test5",
        "mlagents_version": "0.22.0",
        "mlagents_envs_version": "0.22.0",
        "communication_protocol_version": "1.2.0",
        "pytorch_version": "1.7.0",
        "numpy_version": "1.18.5",
        "end_time_seconds": "1610018878"
    },
    "total": 881.7151222,
    "count": 1,
    "self": 0.37766740000006394,
    "children": {
        "run_training.setup": {
            "total": 0.014494200000000124,
            "count": 1,
            "self": 0.014494200000000124
        },
        "TrainerController.start_learning": {
            "total": 881.3229606,
            "count": 1,
            "self": 1.5178295000064281,
            "children": {
                "TrainerController._reset_env": {
                    "total": 10.0688382,
                    "count": 1,
                    "self": 10.0688382
                },
                "TrainerController.advance": {
                    "total": 869.6786422999936,
                    "count": 52629,
                    "self": 0.7028773999961686,
                    "children": {
                        "env_step": {
                            "total": 868.9757648999974,
                            "count": 52629,
                            "self": 704.8273718999848,
                            "children": {
                                "SubprocessEnvManager._take_step": {
                                    "total": 163.38521300001412,
                                    "count": 52629,
                                    "self": 4.070817600021343,
                                    "children": {
                                        "TorchPolicy.evaluate": {
                                            "total": 159.31439539999278,
                                            "count": 52629,
                                            "self": 53.52223269998491,
                                            "children": {
                                                "TorchPolicy.sample_actions": {
                                                    "total": 105.79216270000786,
                                                    "count": 52629,
                                                    "self": 105.79216270000786
                                                }
                                            }
                                        }
                                    }
                                },
                                "workers": {
                                    "total": 0.7631799999985258,
                                    "count": 52629,
                                    "self": 0.0,
                                    "children": {
                                        "worker_root": {
                                            "total": 870.7575720000033,
                                            "count": 52629,
                                            "is_parallel": true,
                                            "self": 230.43439429999364,
                                            "children": {
                                                "steps_from_proto": {
                                                    "total": 0.0004923000000012223,
                                                    "count": 1,
                                                    "is_parallel": true,
                                                    "self": 0.0001143000000034533,
                                                    "children": {
                                                        "_process_vector_observation": {
                                                            "total": 0.000377999999997769,
                                                            "count": 4,
                                                            "is_parallel": true,
                                                            "self": 0.000377999999997769
                                                        }
                                                    }
                                                },
                                                "UnityEnvironment.step": {
                                                    "total": 640.3226854000096,
                                                    "count": 52629,
                                                    "is_parallel": true,
                                                    "self": 4.375195300021915,
                                                    "children": {
                                                        "UnityEnvironment._generate_step_input": {
                                                            "total": 13.20784830000199,
                                                            "count": 52629,
                                                            "is_parallel": true,
                                                            "self": 13.20784830000199
                                                        },
                                                        "communicator.exchange": {
                                                            "total": 601.4102275999965,
                                                            "count": 52629,
                                                            "is_parallel": true,